<?xml version="1.0" encoding="UTF-8"?>
<!--
To change this license header, choose License Headers in Project Properties.
To change this template file, choose Tools | Templates
and open the template in the editor.
-->

<!DOCTYPE mapper PUBLIC "-//mybatis.org//DTD Mapper 3.0//EN"
    "http://mybatis.org/dtd/mybatis-3-mapper.dtd">

<mapper namespace="com.bshg.mapper.OrderItemMapper">
    
    <select id="getItemById" parameterType="int" resultType="OrderItem">
        SELECT 
            t.id, 
            t.company_id companyId,
            t.order_num orderNum, 
            t.line_num lineNum, 
            t.mer_code merCode, 
            t.qty_ordered qtyOrdered, 
            t.qty_confirmed qtyConfirmed, 
            t.created_date createdDate,
            t.delivery_date deliveryDate
        FROM 
            order_item t
        WHERE 
            t.id=#{id}
    </select>
    
    <select id="getItemsByOrderNum" parameterType="hashMap" resultType="OrderItem">
        SELECT 
            t.id, 
            t.company_id companyId,
            t.order_num orderNum, 
            t.line_num lineNum, 
            t.mer_code merCode, 
            t.qty_ordered qtyOrdered, 
            t.qty_confirmed qtyConfirmed, 
            t.created_date createdDate,
            t.delivery_date deliveryDate
        FROM 
            order_item t
        WHERE 
            t.order_num=#{orderNum},
            t.company_id=#{custCode}
    </select>
    
    <select id="getItemByOrderNumAndLineNum" parameterType="hashMap" resultType="OrderItem">
        SELECT 
            t.id, 
            t.company_id companyId,
            t.order_num orderNum, 
            t.line_num lineNum, 
            t.mer_code merCode, 
            t.qty_ordered qtyOrdered, 
            t.qty_confirmed qtyConfirmed, 
            t.created_date createdDate,
            t.delivery_date deliveryDate
        FROM 
            order_item t
        WHERE 
            t.company_id=#{custCode} AND
            t.order_num=#{orderNum} AND 
            t.line_num=#{lineNum}
    </select>
    
    <insert id="insertItem" parameterType="OrderItem" useGeneratedKeys="true" keyProperty="id">
        INSERT INTO 
            order_item (company_id, order_num, line_num, mer_code, qty_ordered, qty_confirmed, created_date, delivery_date) 
        VALUES 
            (#{companyId}, #{orderNum}, #{lineNum}, #{merCode}, #{qtyOrdered}, #{qtyConfirmed}, #{createdDate}, #{deliveryDate})
    </insert>
    
    <insert id="insertItems" parameterType="hashMap" useGeneratedKeys="true" keyProperty="id">
        INSERT INTO 
            order_item (company_id, order_num, line_num, mer_code, qty_ordered, qty_confirmed, created_date, delivery_date) 
        VALUES
        <foreach collection="list" item="item" index="index" separator=",">
            (#{item.companyId}, #{item.orderNum}, #{item.lineNum}, #{item.merCode}, #{item.qtyOrdered}, #{item.qtyConfirmed}, #{item.createdDate}, #{item.deliveryDate})
        </foreach>
    </insert>
</mapper>