<?xml version="1.0" encoding="UTF-8"?>
<!--
To change this license header, choose License Headers in Project Properties.
To change this template file, choose Tools | Templates
and open the template in the editor.
-->

<!DOCTYPE mapper PUBLIC "-//mybatis.org//DTD Mapper 3.0//EN"
    "http://mybatis.org/dtd/mybatis-3-mapper.dtd">

<mapper namespace="com.bshg.mapper.SalesOrderMapper">
    
    <select id="getOrderByNum" parameterType="hashMap" resultType="SalesOrder">
        SELECT
            o.id,
            o.company_id companyId,
            o.order_num orderNum,
            o.order_status orderStatus,
            o.updated,
            o.created_date createdDate,
            o.syn_date synDate, 
            o.order_type orderType
        FROM 
            sales_order o
        WHERE 
            o.company_id = #{custCode} AND
            o.order_num = #{orderNum}
    </select>
    
    <select id="getOrdersByDate" parameterType="string" resultType="SalesOrder">
        SELECT 
            o.id,
            o.company_id companyId,
            o.order_num orderNum,
            o.order_status orderStatus,
            o.updated,
            o.created_date createdDate,
            o.syn_date synDate,
            o.order_type orderType
        FROM 
            sales_order o
        WHERE 
            o.syn_date = #{synDate}
    </select>
    
    <insert id="insertOrder" parameterType="SalesOrder" useGeneratedKeys="true" keyProperty="id">
        INSERT INTO 
            sales_order(company_id, order_num, order_status, updated, created_date, syn_date, order_type) 
        VALUES
            (#{companyId}, #{orderNum}, #{orderStatus}, #{updated}, #{createdDate}, #{synDate}, #{orderType})
    </insert>
    
    <insert id="insertOrders" parameterType="hashMap" useGeneratedKeys="true" keyProperty="id">
        INSERT INTO 
            sales_order(company_id, order_num, order_status, updated, created_date, syn_date, order_type)
        VALUES
        <foreach collection="list" item="order" index="index" separator=",">
            (#{order.companyId}, #{order.orderNum}, #{order.orderStatus}, #{order.updated}, #{order.createdDate}, #{order.synDate}, #{order.orderType})
        </foreach>
    </insert>
    
    <update id="updateOrder" parameterType="hashMap">
        UPDATE sales_order 
        SET updated = #{updated}, 
            order_status = #{orderStatus}
        WHERE order_num = #{orderNum} AND
              company_id = #{custCode}
    </update>
    
</mapper>