<?xml version="1.0" encoding="UTF-8"?>
<!DOCTYPE configuration 
PUBLIC "-//mybatis.org//DTD Config 3.0//EN" 
    "http://mybatis.org/dtd/mybatis-3-config.dtd">
<configuration>
    
<!--    <settings>
        <setting name="useGeneratedKeys" value="true"/>
    </settings>-->

    <typeAliases>
        <typeAlias alias="OrderItem" type="com.bshg.model.OrderItem" />
        <typeAlias alias="SalesOrder" type="com.bshg.model.SalesOrder" />
    </typeAliases>
    
    <environments default="development">
        <environment id="development">
            <transactionManager type="JDBC" />
            <dataSource type="POOLED">
                <property name="driver" value="com.microsoft.sqlserver.jdbc.SQLServerDriver" />
                <property name="url" value="jdbc:sqlserver://localhost:1433;DatabaseName=CN_EDI_BIS" />
                <property name="username" value="CN_EDI_BIS" />
                <property name="password" value="!QAZ2wsx" />
            </dataSource>
        </environment>
    </environments>
    
    <mappers>
        <mapper class="com.bshg.mapper.OrderItemMapper" />
        <mapper class="com.bshg.mapper.SalesOrderMapper" />
    </mappers>
</configuration>
